time,levle,msg
2015-10-11 13:52:45,[Warning],"Using unique option prefix key_buffer instead of key_buffer_size is deprecated and will be removed in a future release. Please use the full name instead."
2015-10-11 13:52:45,[Warning],"TIMESTAMP with implicit DEFAULT value is deprecated. Please use --explicit_defaults_for_timestamp server option (see documentation for more details)."
2015-10-11 13:52:52,[Warning],"InnoDB: New log files created, LSN=45781"
2015-10-11 13:52:52,[Warning],"InnoDB: Creating foreign key constraint system tables."
2015-10-11 13:53:11,[Warning],"Using unique option prefix key_buffer instead of key_buffer_size is deprecated and will be removed in a future release. Please use the full name instead."
2015-10-11 13:53:11,[Warning],"TIMESTAMP with implicit DEFAULT value is deprecated. Please use --explicit_defaults_for_timestamp server option (see documentation for more details)."
2015-10-11 13:53:15,[Warning],"Using unique option prefix key_buffer instead of key_buffer_size is deprecated and will be removed in a future release. Please use the full name instead."
2015-10-11 13:53:15,[Warning],"TIMESTAMP with implicit DEFAULT value is deprecated. Please use --explicit_defaults_for_timestamp server option (see documentation for more details)."
2015-10-11 13:53:15,[Warning],"WSREP: Could not open state file for reading: '/var/lib/mysql//grastate.dat'"
2015-10-11 13:53:15,[Warning],"WSREP: access file(/var/lib/mysql//gvwstate.dat) failed(No such file or directory)"
2015-10-11 13:53:16,[Warning],"WSREP: Action message in non-primary configuration from member 1"
2015-10-11 13:53:16,[Warning],"WSREP: Gap in state sequence. Need state transfer."
2015-10-11 13:53:17,[Warning],"WSREP: Failed to prepare for incremental state transfer: Local state UUID (00000000-0000-0000-0000-000000000000) does not match group state UUID (4978caf1-701f-11e5-868f-2fae4ed227eb): 1 (Operation not permitted)"
2015-10-11 13:53:17,[Warning],"WSREP: Member 1.0 (pxc-node3) requested state transfer from '*any*', but it is impossible to select State Transfer donor: Resource temporarily unavailable"
2015-10-11 13:53:18,[Warning],"WSREP: Member 1.0 (pxc-node3) requested state transfer from '*any*', but it is impossible to select State Transfer donor: Resource temporarily unavailable"
2015-10-11 13:53:19,[Warning],"WSREP: Member 1.0 (pxc-node3) requested state transfer from '*any*', but it is impossible to select State Transfer donor: Resource temporarily unavailable"
2015-10-11 13:53:20,[Warning],"WSREP: Member 1.0 (pxc-node3) requested state transfer from '*any*', but it is impossible to select State Transfer donor: Resource temporarily unavailable"
2015-10-11 13:53:21,[Warning],"WSREP: Member 1.0 (pxc-node3) requested state transfer from '*any*', but it is impossible to select State Transfer donor: Resource temporarily unavailable"
2015-10-11 13:53:22,[Warning],"WSREP: Member 1.0 (pxc-node3) requested state transfer from '*any*', but it is impossible to select State Transfer donor: Resource temporarily unavailable"
2015-10-11 13:53:23,[Warning],"WSREP: Member 1.0 (pxc-node3) requested state transfer from '*any*', but it is impossible to select State Transfer donor: Resource temporarily unavailable"
2015-10-11 13:53:24,[Warning],"WSREP: Member 1.0 (pxc-node3) requested state transfer from '*any*', but it is impossible to select State Transfer donor: Resource temporarily unavailable"
2015-10-11 13:53:25,[Warning],"WSREP: Member 1.0 (pxc-node3) requested state transfer from '*any*', but it is impossible to select State Transfer donor: Resource temporarily unavailable"
2015-10-11 13:53:26,[Warning],"WSREP: Member 1.0 (pxc-node3) requested state transfer from '*any*', but it is impossible to select State Transfer donor: Resource temporarily unavailable"
2015-10-11 13:53:27,[Warning],"WSREP: Member 1.0 (pxc-node3) requested state transfer from '*any*', but it is impossible to select State Transfer donor: Resource temporarily unavailable"
2015-10-11 13:53:28,[Warning],"WSREP: Member 1.0 (pxc-node3) requested state transfer from '*any*', but it is impossible to select State Transfer donor: Resource temporarily unavailable"
2015-10-11 13:53:29,[Warning],"WSREP: Member 1.0 (pxc-node3) requested state transfer from '*any*', but it is impossible to select State Transfer donor: Resource temporarily unavailable"
2015-10-11 13:53:30,[Warning],"WSREP: Member 1.0 (pxc-node3) requested state transfer from '*any*', but it is impossible to select State Transfer donor: Resource temporarily unavailable"
2015-10-11 13:53:31,[Warning],"WSREP: Member 1.0 (pxc-node3) requested state transfer from '*any*', but it is impossible to select State Transfer donor: Resource temporarily unavailable"
2015-10-11 13:53:32,[Warning],"WSREP: Member 1.0 (pxc-node3) requested state transfer from '*any*', but it is impossible to select State Transfer donor: Resource temporarily unavailable"
2015-10-11 13:53:33,[Warning],"WSREP: Member 1.0 (pxc-node3) requested state transfer from '*any*', but it is impossible to select State Transfer donor: Resource temporarily unavailable"
2015-10-11 13:53:34,[Warning],"WSREP: Member 1.0 (pxc-node3) requested state transfer from '*any*', but it is impossible to select State Transfer donor: Resource temporarily unavailable"
2015-10-11 13:53:35,[Warning],"WSREP: Member 1.0 (pxc-node3) requested state transfer from '*any*', but it is impossible to select State Transfer donor: Resource temporarily unavailable"
2015-10-11 13:53:52,[Warning],"Using unique option prefix myisam-recover instead of myisam-recover-options is deprecated and will be removed in a future release. Please use the full name instead."
2015-10-11 13:53:52,[Warning],"No existing UUID has been found, so we assume that this is the first time that this server has been started. Generating a new UUID: 8180a33f-701f-11e5-96fc-0242ac11120d."
2015-10-11 13:53:52,[ERROR],"mysqld: Table './mysql/user' is marked as crashed and should be repaired"
2015-10-11 13:53:52,[Warning],"Checking table:   './mysql/user'"
2015-10-11 13:53:52,[ERROR],"1 client is using or hasn't closed the table properly"
2015-10-11 13:54:58,[Warning],"IP address '172.17.53.0' could not be resolved: Name or service not known"
2015-10-11 13:55:05,[ERROR],"Invalid (old?) table or database name 'lost+found'"
2015-10-11 13:55:05,[ERROR],"Invalid (old?) table or database name 'lost+found'"
2015-10-11 14:01:06,[Warning],"WSREP: Failed to report last committed 397, -4 (Interrupted system call)"
2015-10-11 14:02:36,[Warning],"WSREP: Failed to report last committed 619, -4 (Interrupted system call)"
2015-10-11 14:04:03,[Warning],"WSREP: Failed to report last committed 868, -4 (Interrupted system call)"
2015-10-11 14:04:46,[Warning],"WSREP: Failed to report last committed 1001, -4 (Interrupted system call)"
2015-10-11 14:05:21,[Warning],"WSREP: Failed to report last committed 1126, -4 (Interrupted system call)"
2015-10-11 14:07:20,[Warning],"WSREP: Failed to report last committed 1499, -4 (Interrupted system call)"
2015-10-11 14:08:03,[Warning],"WSREP: Failed to report last committed 1625, -4 (Interrupted system call)"
2015-10-11 14:09:20,[Warning],"WSREP: Failed to report last committed 1867, -4 (Interrupted system call)"
2015-10-11 14:10:02,[Warning],"WSREP: Failed to report last committed 1991, -4 (Interrupted system call)"
2015-10-11 14:11:56,[Warning],"WSREP: Failed to report last committed 2381, -4 (Interrupted system call)"
2015-10-11 14:12:37,[Warning],"WSREP: Failed to report last committed 2496, -4 (Interrupted system call)"
2015-10-11 14:13:17,[Warning],"WSREP: Failed to report last committed 2630, -4 (Interrupted system call)"
2015-10-11 14:14:37,[Warning],"WSREP: Failed to report last committed 2890, -4 (Interrupted system call)"
2015-10-11 14:15:15,[Warning],"WSREP: Failed to report last committed 3011, -4 (Interrupted system call)"
2015-10-11 14:15:57,[Warning],"WSREP: Failed to report last committed 3136, -4 (Interrupted system call)"
2015-10-11 14:17:20,[Warning],"WSREP: Failed to report last committed 3391, -4 (Interrupted system call)"
2015-10-11 14:18:05,[Warning],"WSREP: Failed to report last committed 3514, -4 (Interrupted system call)"
2015-10-11 14:18:54,[Warning],"WSREP: Failed to report last committed 3643, -4 (Interrupted system call)"
2015-10-11 14:20:56,[Warning],"WSREP: Failed to report last committed 4027, -4 (Interrupted system call)"
2015-10-11 14:21:44,[Warning],"WSREP: Failed to report last committed 4153, -4 (Interrupted system call)"
2015-10-11 14:22:24,[Warning],"WSREP: Failed to report last committed 4288, -4 (Interrupted system call)"
2015-10-11 14:24:19,[Warning],"WSREP: Failed to report last committed 4669, -4 (Interrupted system call)"
2015-10-11 14:25:39,[Warning],"WSREP: Failed to report last committed 4918, -4 (Interrupted system call)"
2015-10-11 14:26:18,[Warning],"WSREP: Failed to report last committed 5043, -4 (Interrupted system call)"
2015-10-11 14:32:35,[Warning],"WSREP: Failed to report last committed 6249, -4 (Interrupted system call)"
2015-10-11 14:33:18,[Warning],"WSREP: Failed to report last committed 6379, -4 (Interrupted system call)"
2015-10-11 14:37:31,[Warning],"WSREP: Failed to report last committed 7216, -4 (Interrupted system call)"
2015-10-11 14:38:14,[Warning],"WSREP: Failed to report last committed 7340, -4 (Interrupted system call)"
2015-10-11 14:38:58,[Warning],"WSREP: Failed to report last committed 7463, -4 (Interrupted system call)"
2015-10-11 14:39:41,[Warning],"WSREP: Failed to report last committed 7574, -4 (Interrupted system call)"
2015-10-11 14:40:34,[Warning],"WSREP: Failed to report last committed 7699, -4 (Interrupted system call)"
2015-10-11 14:41:17,[Warning],"WSREP: Failed to report last committed 7808, -4 (Interrupted system call)"
2015-10-11 14:41:59,[Warning],"WSREP: Failed to report last committed 7926, -4 (Interrupted system call)"
2015-10-11 14:42:41,[Warning],"WSREP: Failed to report last committed 8052, -4 (Interrupted system call)"
2015-10-11 14:44:14,[Warning],"WSREP: Failed to report last committed 8315, -4 (Interrupted system call)"
2015-10-11 14:44:55,[Warning],"WSREP: Failed to report last committed 8436, -4 (Interrupted system call)"
2015-10-11 14:46:23,[Warning],"WSREP: Failed to report last committed 8696, -4 (Interrupted system call)"
2015-10-11 14:47:09,[Warning],"WSREP: Failed to report last committed 8819, -4 (Interrupted system call)"
2015-10-11 14:49:12,[Warning],"WSREP: Failed to report last committed 9203, -4 (Interrupted system call)"
2015-10-11 14:49:53,[Warning],"WSREP: Failed to report last committed 9324, -4 (Interrupted system call)"
2015-10-11 14:50:37,[Warning],"WSREP: Failed to report last committed 9453, -4 (Interrupted system call)"
2015-10-11 14:51:21,[Warning],"WSREP: Failed to report last committed 9583, -4 (Interrupted system call)"
2015-10-11 14:53:14,[Warning],"WSREP: Failed to report last committed 9967, -4 (Interrupted system call)"
2015-10-11 15:01:26,[Warning],"WSREP: Failed to report last committed 11550, -4 (Interrupted system call)"
2015-10-11 15:02:12,[Warning],"WSREP: Failed to report last committed 11687, -4 (Interrupted system call)"
2015-10-11 15:04:16,[Warning],"WSREP: Failed to report last committed 12057, -4 (Interrupted system call)"
2015-10-11 15:06:20,[Warning],"WSREP: Failed to report last committed 12448, -4 (Interrupted system call)"
2015-10-11 15:07:11,[Warning],"WSREP: Failed to report last committed 12594, -4 (Interrupted system call)"
2015-10-11 15:07:59,[Warning],"WSREP: Failed to report last committed 12744, -4 (Interrupted system call)"
2015-10-11 15:08:39,[Warning],"WSREP: Failed to report last committed 12898, -4 (Interrupted system call)"
2015-10-11 15:11:07,[Warning],"WSREP: Failed to report last committed 13190, -4 (Interrupted system call)"
2015-10-11 15:13:47,[Warning],"WSREP: Failed to report last committed 13599, -4 (Interrupted system call)"
2015-10-11 15:14:30,[Warning],"WSREP: Failed to report last committed 13724, -4 (Interrupted system call)"
2015-10-11 15:15:42,[Warning],"WSREP: Failed to report last committed 13957, -4 (Interrupted system call)"
2015-10-11 15:25:04,[Warning],"WSREP: Failed to report last committed 15597, -4 (Interrupted system call)"
2015-10-11 15:25:52,[Warning],"WSREP: Failed to report last committed 15726, -4 (Interrupted system call)"
2015-10-11 15:27:22,[Warning],"WSREP: Failed to report last committed 15987, -4 (Interrupted system call)"
2015-10-11 15:28:07,[Warning],"WSREP: Failed to report last committed 16115, -4 (Interrupted system call)"
2015-10-11 15:28:51,[Warning],"WSREP: Failed to report last committed 16243, -4 (Interrupted system call)"
2015-10-11 15:29:42,[Warning],"WSREP: Failed to report last committed 16385, -4 (Interrupted system call)"
2015-10-11 15:31:55,[Warning],"WSREP: Failed to report last committed 16794, -4 (Interrupted system call)"
2015-10-11 15:32:35,[Warning],"WSREP: Failed to report last committed 16940, -4 (Interrupted system call)"
2015-10-11 15:33:54,[Warning],"WSREP: Failed to report last committed 17206, -4 (Interrupted system call)"
2015-10-11 15:35:18,[Warning],"WSREP: Failed to report last committed 17473, -4 (Interrupted system call)"
2015-10-11 15:36:58,[Warning],"WSREP: Failed to report last committed 17802, -4 (Interrupted system call)"
2015-10-11 15:41:41,[Warning],"WSREP: Failed to report last committed 18163, -4 (Interrupted system call)"
2015-10-11 15:42:05,[Warning],"WSREP: Failed to report last committed 18223, -4 (Interrupted system call)"
2015-10-11 15:42:47,[Warning],"WSREP: Failed to report last committed 18336, -4 (Interrupted system call)"
2015-10-11 15:44:18,[Warning],"WSREP: Failed to report last committed 18556, -4 (Interrupted system call)"
2015-10-11 15:45:39,[Warning],"WSREP: Failed to report last committed 18775, -4 (Interrupted system call)"
2015-10-11 15:46:31,[Warning],"WSREP: Failed to report last committed 18890, -4 (Interrupted system call)"
2015-10-11 15:47:15,[Warning],"WSREP: Failed to report last committed 19016, -4 (Interrupted system call)"
2015-10-11 15:48:40,[Warning],"WSREP: Failed to report last committed 19276, -4 (Interrupted system call)"
2015-10-11 15:50:16,[Warning],"WSREP: Failed to report last committed 19532, -4 (Interrupted system call)"
2015-10-11 15:51:06,[Warning],"WSREP: Failed to report last committed 19657, -4 (Interrupted system call)"
2015-10-11 15:51:58,[Warning],"WSREP: Failed to report last committed 19783, -4 (Interrupted system call)"
2015-10-11 15:53:21,[Warning],"WSREP: Failed to report last committed 20040, -4 (Interrupted system call)"
2015-10-11 15:54:04,[Warning],"WSREP: Failed to report last committed 20168, -4 (Interrupted system call)"
2015-10-11 15:54:40,[Warning],"WSREP: Failed to report last committed 20295, -4 (Interrupted system call)"
2015-10-11 15:56:41,[Warning],"WSREP: Failed to report last committed 20661, -4 (Interrupted system call)"
2015-10-11 15:57:44,[Warning],"WSREP: Failed to report last committed 20874, -4 (Interrupted system call)"
2015-10-11 15:58:27,[Warning],"WSREP: Failed to report last committed 21024, -4 (Interrupted system call)"
2015-10-11 15:59:03,[Warning],"WSREP: Failed to report last committed 21153, -4 (Interrupted system call)"
2015-10-11 15:59:39,[Warning],"WSREP: Failed to report last committed 21279, -4 (Interrupted system call)"
2015-10-11 16:00:54,[Warning],"WSREP: Failed to report last committed 21536, -4 (Interrupted system call)"
2015-10-11 16:02:48,[Warning],"WSREP: Failed to report last committed 21893, -4 (Interrupted system call)"
2015-10-11 16:05:39,[Warning],"WSREP: Failed to report last committed 22400, -4 (Interrupted system call)"
2015-10-11 16:06:21,[Warning],"WSREP: Failed to report last committed 22526, -4 (Interrupted system call)"
2015-10-11 16:07:13,[Warning],"WSREP: Failed to report last committed 22653, -4 (Interrupted system call)"
2015-10-11 16:07:54,[Warning],"WSREP: Failed to report last committed 22778, -4 (Interrupted system call)"
2015-10-11 16:08:36,[Warning],"WSREP: Failed to report last committed 22907, -4 (Interrupted system call)"
2015-10-11 16:09:27,[Warning],"WSREP: Failed to report last committed 23037, -4 (Interrupted system call)"
2015-10-11 16:10:11,[Warning],"WSREP: Failed to report last committed 23163, -4 (Interrupted system call)"
2015-10-11 16:11:01,[Warning],"WSREP: Failed to report last committed 23289, -4 (Interrupted system call)"
2015-10-11 16:12:24,[Warning],"WSREP: Failed to report last committed 23554, -4 (Interrupted system call)"
2015-10-11 16:13:05,[Warning],"WSREP: Failed to report last committed 23677, -4 (Interrupted system call)"
2015-10-11 16:13:53,[Warning],"WSREP: Failed to report last committed 23806, -4 (Interrupted system call)"
2015-10-11 16:14:39,[Warning],"WSREP: Failed to report last committed 23933, -4 (Interrupted system call)"
2015-10-11 16:16:09,[Warning],"WSREP: Failed to report last committed 24189, -4 (Interrupted system call)"
2015-10-11 16:17:36,[Warning],"WSREP: Failed to report last committed 24447, -4 (Interrupted system call)"
2015-10-11 16:18:17,[Warning],"WSREP: Failed to report last committed 24570, -4 (Interrupted system call)"
2015-10-11 16:18:56,[Warning],"WSREP: Failed to report last committed 24704, -4 (Interrupted system call)"
2015-10-11 16:20:16,[Warning],"WSREP: Failed to report last committed 24958, -4 (Interrupted system call)"
2015-10-11 16:20:52,[Warning],"WSREP: Failed to report last committed 25084, -4 (Interrupted system call)"
2015-10-11 16:22:47,[Warning],"WSREP: Failed to report last committed 25474, -4 (Interrupted system call)"
2015-10-11 16:23:28,[Warning],"WSREP: Failed to report last committed 25604, -4 (Interrupted system call)"
2015-10-11 16:24:05,[Warning],"WSREP: Failed to report last committed 25716, -4 (Interrupted system call)"
2015-10-11 16:24:40,[Warning],"WSREP: Failed to report last committed 25843, -4 (Interrupted system call)"
2015-10-11 16:25:25,[Warning],"WSREP: Failed to report last committed 25965, -4 (Interrupted system call)"
2015-10-11 16:26:37,[Warning],"WSREP: Failed to report last committed 26178, -4 (Interrupted system call)"
2015-10-11 16:27:28,[Warning],"WSREP: Failed to report last committed 26307, -4 (Interrupted system call)"
2015-10-11 16:28:07,[Warning],"WSREP: Failed to report last committed 26439, -4 (Interrupted system call)"
2015-10-11 16:29:30,[Warning],"WSREP: Failed to report last committed 26703, -4 (Interrupted system call)"
2015-10-11 16:30:46,[Warning],"WSREP: Failed to report last committed 26977, -4 (Interrupted system call)"
2015-10-11 16:32:03,[Warning],"WSREP: Failed to report last committed 27265, -4 (Interrupted system call)"
2015-10-11 16:33:28,[Warning],"WSREP: Failed to report last committed 27524, -4 (Interrupted system call)"
2015-10-11 16:34:21,[Warning],"WSREP: Failed to report last committed 27663, -4 (Interrupted system call)"
2015-10-11 16:34:40,[Warning],"WSREP: Failed to report last committed 27711, -4 (Interrupted system call)"
2015-10-11 16:35:51,[Warning],"WSREP: Failed to report last committed 27926, -4 (Interrupted system call)"
2015-10-11 16:36:39,[Warning],"WSREP: Failed to report last committed 28053, -4 (Interrupted system call)"
2015-10-11 16:38:40,[Warning],"WSREP: Failed to report last committed 28354, -4 (Interrupted system call)"
2015-10-11 16:39:20,[Warning],"WSREP: Failed to report last committed 28471, -4 (Interrupted system call)"
2015-10-11 16:40:47,[Warning],"WSREP: Failed to report last committed 28705, -4 (Interrupted system call)"
2015-10-11 16:41:32,[Warning],"WSREP: Failed to report last committed 28820, -4 (Interrupted system call)"
2015-10-11 16:42:20,[Warning],"WSREP: Failed to report last committed 28931, -4 (Interrupted system call)"
2015-10-11 16:43:13,[Warning],"WSREP: Failed to report last committed 29065, -4 (Interrupted system call)"
2015-10-11 16:43:56,[Warning],"WSREP: Failed to report last committed 29186, -4 (Interrupted system call)"
2015-10-11 16:44:37,[Warning],"WSREP: Failed to report last committed 29301, -4 (Interrupted system call)"
2015-10-11 16:46:03,[Warning],"WSREP: Failed to report last committed 29558, -4 (Interrupted system call)"
2015-10-11 16:46:47,[Warning],"WSREP: Failed to report last committed 29686, -4 (Interrupted system call)"
2015-10-11 16:48:58,[Warning],"WSREP: Failed to report last committed 30069, -4 (Interrupted system call)"
2015-10-11 16:51:00,[Warning],"WSREP: Failed to report last committed 30455, -4 (Interrupted system call)"
2015-10-11 16:51:40,[Warning],"WSREP: Failed to report last committed 30582, -4 (Interrupted system call)"
2015-10-11 16:52:26,[Warning],"WSREP: Failed to report last committed 30708, -4 (Interrupted system call)"
2015-10-11 16:53:51,[Warning],"WSREP: Failed to report last committed 30964, -4 (Interrupted system call)"
2015-10-11 16:54:32,[Warning],"WSREP: Failed to report last committed 31091, -4 (Interrupted system call)"
2015-10-11 16:55:21,[Warning],"WSREP: Failed to report last committed 31221, -4 (Interrupted system call)"
2015-10-11 16:55:55,[Warning],"WSREP: Failed to report last committed 31347, -4 (Interrupted system call)"
2015-10-11 16:57:09,[Warning],"WSREP: Failed to report last committed 31605, -4 (Interrupted system call)"
2015-10-11 16:57:55,[Warning],"WSREP: Failed to report last committed 31734, -4 (Interrupted system call)"
2015-10-11 16:58:33,[Warning],"WSREP: Failed to report last committed 31864, -4 (Interrupted system call)"
2015-10-11 17:00:02,[Warning],"WSREP: Failed to report last committed 32119, -4 (Interrupted system call)"
2015-10-11 17:00:42,[Warning],"WSREP: Failed to report last committed 32243, -4 (Interrupted system call)"
2015-10-11 17:02:09,[Warning],"WSREP: Failed to report last committed 32500, -4 (Interrupted system call)"
2015-10-11 17:02:57,[Warning],"WSREP: Failed to report last committed 32632, -4 (Interrupted system call)"
2015-10-11 17:03:37,[Warning],"WSREP: Failed to report last committed 32755, -4 (Interrupted system call)"
2015-10-11 17:04:59,[Warning],"WSREP: Failed to report last committed 33014, -4 (Interrupted system call)"
2015-10-11 17:05:38,[Warning],"WSREP: Failed to report last committed 33117, -4 (Interrupted system call)"
2015-10-11 17:06:23,[Warning],"WSREP: Failed to report last committed 33249, -4 (Interrupted system call)"
2015-10-11 17:07:05,[Warning],"WSREP: Failed to report last committed 33415, -4 (Interrupted system call)"
2015-10-11 17:07:51,[Warning],"WSREP: Failed to report last committed 33562, -4 (Interrupted system call)"
2015-10-11 17:09:15,[Warning],"WSREP: Failed to report last committed 33873, -4 (Interrupted system call)"
2015-10-11 17:13:05,[Warning],"WSREP: Failed to report last committed 34495, -4 (Interrupted system call)"
2015-10-11 17:13:48,[Warning],"WSREP: Failed to report last committed 34599, -4 (Interrupted system call)"
2015-10-11 17:14:27,[Warning],"WSREP: Failed to report last committed 34714, -4 (Interrupted system call)"
2015-10-11 17:16:38,[Warning],"WSREP: Failed to report last committed 35113, -4 (Interrupted system call)"
2015-10-11 17:17:30,[Warning],"WSREP: Failed to report last committed 35242, -4 (Interrupted system call)"
2015-10-11 17:19:02,[Warning],"WSREP: Failed to report last committed 35502, -4 (Interrupted system call)"
2015-10-11 17:20:31,[Warning],"WSREP: Failed to report last committed 35759, -4 (Interrupted system call)"
2015-10-11 17:21:25,[Warning],"WSREP: Failed to report last committed 35885, -4 (Interrupted system call)"
2015-10-11 17:22:15,[Warning],"WSREP: Failed to report last committed 36018, -4 (Interrupted system call)"
2015-10-11 17:24:17,[Warning],"WSREP: Failed to report last committed 36410, -4 (Interrupted system call)"
2015-10-11 17:25:10,[Warning],"WSREP: Failed to report last committed 36521, -4 (Interrupted system call)"
2015-10-11 17:25:53,[Warning],"WSREP: Failed to report last committed 36652, -4 (Interrupted system call)"
2015-10-11 17:26:38,[Warning],"WSREP: Failed to report last committed 36781, -4 (Interrupted system call)"
2015-10-11 17:28:07,[Warning],"WSREP: Failed to report last committed 37039, -4 (Interrupted system call)"
2015-10-11 17:28:43,[Warning],"WSREP: Failed to report last committed 37141, -4 (Interrupted system call)"
2015-10-11 17:29:21,[Warning],"WSREP: Failed to report last committed 37276, -4 (Interrupted system call)"
2015-10-11 17:30:09,[Warning],"WSREP: Failed to report last committed 37404, -4 (Interrupted system call)"
2015-10-11 17:31:29,[Warning],"WSREP: Failed to report last committed 37650, -4 (Interrupted system call)"
2015-10-11 17:32:04,[Warning],"WSREP: Failed to report last committed 37789, -4 (Interrupted system call)"
2015-10-11 17:32:41,[Warning],"WSREP: Failed to report last committed 37934, -4 (Interrupted system call)"
2015-10-11 17:33:23,[Warning],"WSREP: Failed to report last committed 38071, -4 (Interrupted system call)"
2015-10-11 17:35:18,[Warning],"WSREP: Failed to report last committed 38467, -4 (Interrupted system call)"
2015-10-11 17:44:27,[Warning],"WSREP: Failed to report last committed 39580, -4 (Interrupted system call)"
2015-10-11 17:45:10,[Warning],"WSREP: Failed to report last committed 39687, -4 (Interrupted system call)"
2015-10-11 17:52:32,[Warning],"WSREP: Failed to report last committed 40917, -4 (Interrupted system call)"
2015-10-11 17:53:15,[Warning],"WSREP: Failed to report last committed 41045, -4 (Interrupted system call)"
2015-10-11 17:55:55,[Warning],"WSREP: Failed to report last committed 41566, -4 (Interrupted system call)"
2015-10-11 17:58:07,[Warning],"WSREP: Failed to report last committed 41946, -4 (Interrupted system call)"
2015-10-11 18:01:55,[Warning],"WSREP: Failed to report last committed 42594, -4 (Interrupted system call)"
2015-10-11 18:03:08,[Warning],"WSREP: Failed to report last committed 42812, -4 (Interrupted system call)"
2015-10-11 18:24:15,[Warning],"WSREP: Failed to report last committed 46588, -4 (Interrupted system call)"
2015-10-11 18:24:54,[Warning],"WSREP: Failed to report last committed 46700, -4 (Interrupted system call)"
2015-10-11 18:25:34,[Warning],"WSREP: Failed to report last committed 46824, -4 (Interrupted system call)"
2015-10-11 18:26:19,[Warning],"WSREP: Failed to report last committed 46953, -4 (Interrupted system call)"
2015-10-11 18:27:04,[Warning],"WSREP: Failed to report last committed 47078, -4 (Interrupted system call)"
2015-10-11 18:30:05,[Warning],"WSREP: Failed to report last committed 47582, -4 (Interrupted system call)"
2015-10-11 18:31:00,[Warning],"WSREP: Failed to report last committed 47735, -4 (Interrupted system call)"
2015-10-11 18:33:09,[Warning],"WSREP: Failed to report last committed 48193, -4 (Interrupted system call)"
2015-10-11 18:33:56,[Warning],"WSREP: Failed to report last committed 48330, -4 (Interrupted system call)"
2015-10-11 18:41:28,[Warning],"WSREP: Failed to report last committed 49655, -4 (Interrupted system call)"
2015-10-11 18:45:00,[Warning],"WSREP: Failed to report last committed 50256, -4 (Interrupted system call)"
2015-10-11 18:45:43,[Warning],"WSREP: Failed to report last committed 50384, -4 (Interrupted system call)"
2015-10-11 18:47:49,[Warning],"WSREP: Failed to report last committed 50768, -4 (Interrupted system call)"
2015-10-11 18:48:33,[Warning],"WSREP: Failed to report last committed 50897, -4 (Interrupted system call)"
2015-10-11 18:49:15,[Warning],"WSREP: Failed to report last committed 51024, -4 (Interrupted system call)"
2015-10-11 18:49:55,[Warning],"WSREP: Failed to report last committed 51150, -4 (Interrupted system call)"
2015-10-11 18:52:04,[Warning],"WSREP: Failed to report last committed 51535, -4 (Interrupted system call)"
2015-10-11 18:53:20,[Warning],"WSREP: Failed to report last committed 51792, -4 (Interrupted system call)"
2015-10-11 18:54:02,[Warning],"WSREP: Failed to report last committed 51919, -4 (Interrupted system call)"
2015-10-11 18:55:58,[Warning],"WSREP: Failed to report last committed 52304, -4 (Interrupted system call)"
2015-10-11 18:56:44,[Warning],"WSREP: Failed to report last committed 52435, -4 (Interrupted system call)"
2015-10-11 18:57:15,[Warning],"WSREP: Failed to report last committed 52540, -4 (Interrupted system call)"
2015-10-11 18:58:31,[Warning],"WSREP: Failed to report last committed 52794, -4 (Interrupted system call)"
2015-10-11 18:59:12,[Warning],"WSREP: Failed to report last committed 52923, -4 (Interrupted system call)"
2015-10-11 19:01:24,[Warning],"WSREP: Failed to report last committed 53305, -4 (Interrupted system call)"
2015-10-11 19:02:04,[Warning],"WSREP: Failed to report last committed 53414, -4 (Interrupted system call)"
2015-10-11 19:05:25,[Warning],"WSREP: Failed to report last committed 53989, -4 (Interrupted system call)"
2015-10-11 19:06:45,[Warning],"WSREP: Failed to report last committed 54268, -4 (Interrupted system call)"
2015-10-11 19:07:31,[Warning],"WSREP: Failed to report last committed 54415, -4 (Interrupted system call)"
2015-10-11 19:08:18,[Warning],"WSREP: Failed to report last committed 54563, -4 (Interrupted system call)"
2015-10-11 19:09:07,[Warning],"WSREP: Failed to report last committed 54704, -4 (Interrupted system call)"
2015-10-11 19:12:09,[Warning],"WSREP: Failed to report last committed 55164, -4 (Interrupted system call)"
2015-10-11 19:12:59,[Warning],"WSREP: Failed to report last committed 55263, -4 (Interrupted system call)"
2015-10-11 19:13:50,[Warning],"WSREP: Failed to report last committed 55370, -4 (Interrupted system call)"
2015-10-11 19:14:30,[Warning],"WSREP: Failed to report last committed 55464, -4 (Interrupted system call)"
2015-10-11 19:15:44,[Warning],"WSREP: Failed to report last committed 55715, -4 (Interrupted system call)"
2015-10-11 19:17:40,[Warning],"WSREP: Failed to report last committed 56101, -4 (Interrupted system call)"
2015-10-11 19:18:16,[Warning],"WSREP: Failed to report last committed 56226, -4 (Interrupted system call)"
2015-10-11 19:21:54,[Warning],"WSREP: Failed to report last committed 56859, -4 (Interrupted system call)"
2015-10-11 19:22:39,[Warning],"WSREP: Failed to report last committed 56991, -4 (Interrupted system call)"
2015-10-11 19:25:15,[Warning],"WSREP: Failed to report last committed 57420, -4 (Interrupted system call)"
2015-10-11 19:26:00,[Warning],"WSREP: Failed to report last committed 57547, -4 (Interrupted system call)"
2015-10-11 19:26:36,[Warning],"WSREP: Failed to report last committed 57677, -4 (Interrupted system call)"
2015-10-11 19:27:51,[Warning],"WSREP: Failed to report last committed 57940, -4 (Interrupted system call)"
2015-10-11 19:29:14,[Warning],"WSREP: Failed to report last committed 58197, -4 (Interrupted system call)"
2015-10-11 19:29:52,[Warning],"WSREP: Failed to report last committed 58331, -4 (Interrupted system call)"
2015-10-11 19:31:45,[Warning],"WSREP: Failed to report last committed 58692, -4 (Interrupted system call)"
2015-10-11 19:41:59,[Warning],"WSREP: Failed to report last committed 60077, -4 (Interrupted system call)"
2015-10-11 19:43:25,[Warning],"WSREP: Failed to report last committed 60296, -4 (Interrupted system call)"
2015-10-11 19:44:09,[Warning],"WSREP: Failed to report last committed 60410, -4 (Interrupted system call)"
2015-10-11 19:44:53,[Warning],"WSREP: Failed to report last committed 60518, -4 (Interrupted system call)"
2015-10-11 19:45:28,[Warning],"WSREP: Failed to report last committed 60626, -4 (Interrupted system call)"
2015-10-11 19:46:09,[Warning],"WSREP: Failed to report last committed 60737, -4 (Interrupted system call)"
2015-10-11 19:46:50,[Warning],"WSREP: Failed to report last committed 60861, -4 (Interrupted system call)"
2015-10-11 19:47:32,[Warning],"WSREP: Failed to report last committed 60986, -4 (Interrupted system call)"
2015-10-11 19:48:51,[Warning],"WSREP: Failed to report last committed 61242, -4 (Interrupted system call)"
2015-10-11 19:59:20,[Warning],"WSREP: Failed to report last committed 63070, -4 (Interrupted system call)"
2015-10-11 20:00:05,[Warning],"WSREP: Failed to report last committed 63198, -4 (Interrupted system call)"
2015-10-11 20:01:32,[Warning],"WSREP: Failed to report last committed 63452, -4 (Interrupted system call)"
2015-10-11 20:02:14,[Warning],"WSREP: Failed to report last committed 63581, -4 (Interrupted system call)"
2015-10-11 20:03:34,[Warning],"WSREP: Failed to report last committed 63842, -4 (Interrupted system call)"
2015-10-11 20:04:20,[Warning],"WSREP: Failed to report last committed 63965, -4 (Interrupted system call)"
2015-10-11 20:05:16,[Warning],"WSREP: Failed to report last committed 64093, -4 (Interrupted system call)"
2015-10-11 20:05:58,[Warning],"WSREP: Failed to report last committed 64220, -4 (Interrupted system call)"
2015-10-11 20:07:26,[Warning],"WSREP: Failed to report last committed 64459, -4 (Interrupted system call)"
2015-10-11 20:08:19,[Warning],"WSREP: Failed to report last committed 64588, -4 (Interrupted system call)"
2015-10-11 20:09:02,[Warning],"WSREP: Failed to report last committed 64715, -4 (Interrupted system call)"
2015-10-11 20:10:38,[Warning],"WSREP: Failed to report last committed 64980, -4 (Interrupted system call)"
2015-10-11 20:12:03,[Warning],"WSREP: Failed to report last committed 65235, -4 (Interrupted system call)"
2015-10-11 20:14:18,[Warning],"WSREP: Failed to report last committed 65621, -4 (Interrupted system call)"
2015-10-11 20:15:03,[Warning],"WSREP: Failed to report last committed 65751, -4 (Interrupted system call)"
2015-10-11 20:16:32,[Warning],"WSREP: Failed to report last committed 66003, -4 (Interrupted system call)"
2015-10-11 20:18:03,[Warning],"WSREP: Failed to report last committed 66263, -4 (Interrupted system call)"
2015-10-11 20:18:47,[Warning],"WSREP: Failed to report last committed 66389, -4 (Interrupted system call)"
2015-10-11 20:19:31,[Warning],"WSREP: Failed to report last committed 66515, -4 (Interrupted system call)"
2015-10-11 20:20:56,[Warning],"WSREP: Failed to report last committed 66774, -4 (Interrupted system call)"
2015-10-11 20:21:37,[Warning],"WSREP: Failed to report last committed 66902, -4 (Interrupted system call)"
2015-10-11 20:22:17,[Warning],"WSREP: Failed to report last committed 67028, -4 (Interrupted system call)"
2015-10-11 20:22:55,[Warning],"WSREP: Failed to report last committed 67161, -4 (Interrupted system call)"
2015-10-11 20:24:25,[Warning],"WSREP: Failed to report last committed 67483, -4 (Interrupted system call)"
2015-10-11 20:26:43,[Warning],"WSREP: Failed to report last committed 67895, -4 (Interrupted system call)"
2015-10-11 20:27:25,[Warning],"WSREP: Failed to report last committed 68021, -4 (Interrupted system call)"
2015-10-11 20:28:10,[Warning],"WSREP: Failed to report last committed 68153, -4 (Interrupted system call)"
2015-10-11 20:29:37,[Warning],"WSREP: Failed to report last committed 68409, -4 (Interrupted system call)"
2015-10-11 20:40:21,[Warning],"WSREP: Failed to report last committed 70309, -4 (Interrupted system call)"
2015-10-11 20:41:03,[Warning],"WSREP: Failed to report last committed 70419, -4 (Interrupted system call)"
2015-10-11 20:41:50,[Warning],"WSREP: Failed to report last committed 70551, -4 (Interrupted system call)"
2015-10-11 20:42:38,[Warning],"WSREP: Failed to report last committed 70679, -4 (Interrupted system call)"
2015-10-11 20:43:23,[Warning],"WSREP: Failed to report last committed 70808, -4 (Interrupted system call)"
2015-10-11 20:44:04,[Warning],"WSREP: Failed to report last committed 70933, -4 (Interrupted system call)"
2015-10-11 20:45:37,[Warning],"WSREP: Failed to report last committed 71196, -4 (Interrupted system call)"
2015-10-11 20:46:18,[Warning],"WSREP: Failed to report last committed 71325, -4 (Interrupted system call)"
2015-10-11 20:47:05,[Warning],"WSREP: Failed to report last committed 71452, -4 (Interrupted system call)"
2015-10-11 20:48:32,[Warning],"WSREP: Failed to report last committed 71708, -4 (Interrupted system call)"
2015-10-11 20:49:59,[Warning],"WSREP: Failed to report last committed 71967, -4 (Interrupted system call)"
2015-10-11 20:51:22,[Warning],"WSREP: Failed to report last committed 72221, -4 (Interrupted system call)"
2015-10-11 20:52:41,[Warning],"WSREP: Failed to report last committed 72476, -4 (Interrupted system call)"
2015-10-11 20:53:21,[Warning],"WSREP: Failed to report last committed 72602, -4 (Interrupted system call)"
2015-10-11 20:55:18,[Warning],"WSREP: Failed to report last committed 72968, -4 (Interrupted system call)"
2015-10-11 20:55:50,[Warning],"WSREP: Failed to report last committed 73066, -4 (Interrupted system call)"
2015-10-11 21:04:25,[Warning],"WSREP: Failed to report last committed 74643, -4 (Interrupted system call)"
2015-10-11 21:05:08,[Warning],"WSREP: Failed to report last committed 74772, -4 (Interrupted system call)"
2015-10-11 21:06:39,[Warning],"WSREP: Failed to report last committed 75044, -4 (Interrupted system call)"
2015-10-11 21:08:01,[Warning],"WSREP: Failed to report last committed 75349, -4 (Interrupted system call)"
2015-10-11 21:11:59,[Warning],"WSREP: Failed to report last committed 75967, -4 (Interrupted system call)"
2015-10-11 21:12:43,[Warning],"WSREP: Failed to report last committed 76069, -4 (Interrupted system call)"
2015-10-11 21:13:27,[Warning],"WSREP: Failed to report last committed 76174, -4 (Interrupted system call)"
2015-10-11 21:13:58,[Warning],"WSREP: Failed to report last committed 76278, -4 (Interrupted system call)"
2015-10-11 21:14:41,[Warning],"WSREP: Failed to report last committed 76388, -4 (Interrupted system call)"
2015-10-11 21:15:22,[Warning],"WSREP: Failed to report last committed 76516, -4 (Interrupted system call)"
2015-10-11 21:17:25,[Warning],"WSREP: Failed to report last committed 76900, -4 (Interrupted system call)"
2015-10-11 21:18:52,[Warning],"WSREP: Failed to report last committed 77155, -4 (Interrupted system call)"
2015-10-11 21:25:04,[Warning],"WSREP: Failed to report last committed 78176, -4 (Interrupted system call)"
2015-10-11 21:25:52,[Warning],"WSREP: Failed to report last committed 78293, -4 (Interrupted system call)"
2015-10-11 21:26:35,[Warning],"WSREP: Failed to report last committed 78422, -4 (Interrupted system call)"
2015-10-11 21:27:21,[Warning],"WSREP: Failed to report last committed 78547, -4 (Interrupted system call)"
2015-10-11 21:28:03,[Warning],"WSREP: Failed to report last committed 78683, -4 (Interrupted system call)"
2015-10-11 21:35:53,[Warning],"WSREP: Failed to report last committed 80153, -4 (Interrupted system call)"
2015-10-11 21:37:23,[Warning],"WSREP: Failed to report last committed 80451, -4 (Interrupted system call)"
2015-10-11 21:42:22,[Warning],"WSREP: Failed to report last committed 80936, -4 (Interrupted system call)"
2015-10-11 21:43:11,[Warning],"WSREP: Failed to report last committed 81050, -4 (Interrupted system call)"
2015-10-11 21:44:00,[Warning],"WSREP: Failed to report last committed 81154, -4 (Interrupted system call)"
2015-10-11 21:46:00,[Warning],"WSREP: Failed to report last committed 81483, -4 (Interrupted system call)"
2015-10-11 21:47:26,[Warning],"WSREP: Failed to report last committed 81738, -4 (Interrupted system call)"
2015-10-11 21:48:09,[Warning],"WSREP: Failed to report last committed 81864, -4 (Interrupted system call)"
2015-10-11 21:50:21,[Warning],"WSREP: Failed to report last committed 82222, -4 (Interrupted system call)"
2015-10-11 21:51:12,[Warning],"WSREP: Failed to report last committed 82350, -4 (Interrupted system call)"
2015-10-11 21:52:35,[Warning],"WSREP: Failed to report last committed 82605, -4 (Interrupted system call)"
2015-10-11 21:55:25,[Warning],"WSREP: Failed to report last committed 83120, -4 (Interrupted system call)"
2015-10-11 21:57:00,[Warning],"WSREP: Failed to report last committed 83375, -4 (Interrupted system call)"
2015-10-11 21:58:28,[Warning],"WSREP: Failed to report last committed 83631, -4 (Interrupted system call)"
2015-10-11 22:00:02,[Warning],"WSREP: Failed to report last committed 83885, -4 (Interrupted system call)"
2015-10-11 22:01:23,[Warning],"WSREP: Failed to report last committed 84141, -4 (Interrupted system call)"
2015-10-11 22:02:36,[Warning],"WSREP: Failed to report last committed 84373, -4 (Interrupted system call)"
2015-10-11 22:04:18,[Warning],"WSREP: Failed to report last committed 84737, -4 (Interrupted system call)"
2015-10-11 22:05:01,[Warning],"WSREP: Failed to report last committed 84865, -4 (Interrupted system call)"
2015-10-11 22:05:46,[Warning],"WSREP: Failed to report last committed 84992, -4 (Interrupted system call)"
2015-10-11 22:07:09,[Warning],"WSREP: Failed to report last committed 85247, -4 (Interrupted system call)"
2015-10-11 22:07:55,[Warning],"WSREP: Failed to report last committed 85377, -4 (Interrupted system call)"
2015-10-11 22:08:46,[Warning],"WSREP: Failed to report last committed 85505, -4 (Interrupted system call)"
2015-10-11 22:09:31,[Warning],"WSREP: Failed to report last committed 85634, -4 (Interrupted system call)"
2015-10-11 22:11:52,[Warning],"WSREP: Failed to report last committed 86145, -4 (Interrupted system call)"
2015-10-11 22:18:51,[Warning],"WSREP: Failed to report last committed 87346, -4 (Interrupted system call)"
2015-10-11 22:19:42,[Warning],"WSREP: Failed to report last committed 87493, -4 (Interrupted system call)"
2015-10-11 22:20:56,[Warning],"WSREP: Failed to report last committed 87729, -4 (Interrupted system call)"
2015-10-11 22:21:46,[Warning],"WSREP: Failed to report last committed 87863, -4 (Interrupted system call)"
2015-10-11 22:23:08,[Warning],"WSREP: Failed to report last committed 88136, -4 (Interrupted system call)"
2015-10-11 22:23:45,[Warning],"WSREP: Failed to report last committed 88247, -4 (Interrupted system call)"
2015-10-11 22:24:58,[Warning],"WSREP: Failed to report last committed 88459, -4 (Interrupted system call)"
2015-10-11 22:25:41,[Warning],"WSREP: Failed to report last committed 88585, -4 (Interrupted system call)"
2015-10-11 22:27:47,[Warning],"WSREP: Failed to report last committed 88977, -4 (Interrupted system call)"
2015-10-11 22:29:23,[Warning],"WSREP: Failed to report last committed 89241, -4 (Interrupted system call)"
2015-10-11 22:30:13,[Warning],"WSREP: Failed to report last committed 89376, -4 (Interrupted system call)"
2015-10-11 22:30:59,[Warning],"WSREP: Failed to report last committed 89513, -4 (Interrupted system call)"
2015-10-11 22:32:24,[Warning],"WSREP: Failed to report last committed 89795, -4 (Interrupted system call)"
2015-10-11 22:33:12,[Warning],"WSREP: Failed to report last committed 89934, -4 (Interrupted system call)"
2015-10-11 22:35:32,[Warning],"WSREP: Failed to report last committed 90327, -4 (Interrupted system call)"
2015-10-11 22:36:13,[Warning],"WSREP: Failed to report last committed 90452, -4 (Interrupted system call)"
2015-10-11 22:37:28,[Warning],"WSREP: Failed to report last committed 90696, -4 (Interrupted system call)"
2015-10-11 22:38:18,[Warning],"WSREP: Failed to report last committed 90818, -4 (Interrupted system call)"
2015-10-11 22:39:48,[Warning],"WSREP: Failed to report last committed 91058, -4 (Interrupted system call)"
2015-10-11 22:40:33,[Warning],"WSREP: Failed to report last committed 91178, -4 (Interrupted system call)"
2015-10-11 22:41:15,[Warning],"WSREP: Failed to report last committed 91290, -4 (Interrupted system call)"
2015-10-11 22:43:18,[Warning],"WSREP: Failed to report last committed 91657, -4 (Interrupted system call)"
2015-10-11 22:44:02,[Warning],"WSREP: Failed to report last committed 91786, -4 (Interrupted system call)"
2015-10-11 22:44:44,[Warning],"WSREP: Failed to report last committed 91913, -4 (Interrupted system call)"
2015-10-11 22:45:28,[Warning],"WSREP: Failed to report last committed 92041, -4 (Interrupted system call)"
2015-10-11 22:46:07,[Warning],"WSREP: Failed to report last committed 92168, -4 (Interrupted system call)"
2015-10-11 22:46:41,[Warning],"WSREP: Failed to report last committed 92272, -4 (Interrupted system call)"
2015-10-11 22:47:20,[Warning],"WSREP: Failed to report last committed 92400, -4 (Interrupted system call)"
2015-10-11 22:48:17,[Warning],"WSREP: Failed to report last committed 92589, -4 (Interrupted system call)"
2015-10-11 22:51:02,[Warning],"WSREP: Failed to report last committed 93120, -4 (Interrupted system call)"
2015-10-11 22:52:36,[Warning],"WSREP: Failed to report last committed 93373, -4 (Interrupted system call)"
2015-10-11 22:53:26,[Warning],"WSREP: Failed to report last committed 93501, -4 (Interrupted system call)"
2015-10-11 22:54:11,[Warning],"WSREP: Failed to report last committed 93628, -4 (Interrupted system call)"
2015-10-11 22:54:57,[Warning],"WSREP: Failed to report last committed 93757, -4 (Interrupted system call)"
2015-10-11 22:57:04,[Warning],"WSREP: Failed to report last committed 94140, -4 (Interrupted system call)"
2015-10-11 22:57:57,[Warning],"WSREP: Failed to report last committed 94269, -4 (Interrupted system call)"
2015-10-11 22:58:41,[Warning],"WSREP: Failed to report last committed 94396, -4 (Interrupted system call)"
2015-10-11 23:00:52,[Warning],"WSREP: Failed to report last committed 94786, -4 (Interrupted system call)"
2015-10-11 23:01:28,[Warning],"WSREP: Failed to report last committed 94885, -4 (Interrupted system call)"
2015-10-11 23:02:12,[Warning],"WSREP: Failed to report last committed 95014, -4 (Interrupted system call)"
2015-10-11 23:02:53,[Warning],"WSREP: Failed to report last committed 95142, -4 (Interrupted system call)"
2015-10-11 23:03:35,[Warning],"WSREP: Failed to report last committed 95270, -4 (Interrupted system call)"
2015-10-11 23:04:13,[Warning],"WSREP: Failed to report last committed 95397, -4 (Interrupted system call)"
2015-10-11 23:05:03,[Warning],"WSREP: Failed to report last committed 95525, -4 (Interrupted system call)"
2015-10-11 23:07:13,[Warning],"WSREP: Failed to report last committed 95961, -4 (Interrupted system call)"
2015-10-11 23:07:47,[Warning],"WSREP: Failed to report last committed 96105, -4 (Interrupted system call)"
2015-10-11 23:08:28,[Warning],"WSREP: Failed to report last committed 96260, -4 (Interrupted system call)"
2015-10-11 23:11:32,[Warning],"WSREP: Failed to report last committed 96821, -4 (Interrupted system call)"
2015-10-11 23:12:48,[Warning],"WSREP: Failed to report last committed 97033, -4 (Interrupted system call)"
2015-10-11 23:13:29,[Warning],"WSREP: Failed to report last committed 97130, -4 (Interrupted system call)"
2015-10-11 23:14:13,[Warning],"WSREP: Failed to report last committed 97231, -4 (Interrupted system call)"
2015-10-11 23:15:01,[Warning],"WSREP: Failed to report last committed 97356, -4 (Interrupted system call)"
2015-10-11 23:15:51,[Warning],"WSREP: Failed to report last committed 97484, -4 (Interrupted system call)"
2015-10-11 23:17:19,[Warning],"WSREP: Failed to report last committed 97739, -4 (Interrupted system call)"
2015-10-11 23:19:36,[Warning],"WSREP: Failed to report last committed 98123, -4 (Interrupted system call)"
2015-10-11 23:20:25,[Warning],"WSREP: Failed to report last committed 98251, -4 (Interrupted system call)"
2015-10-11 23:21:11,[Warning],"WSREP: Failed to report last committed 98381, -4 (Interrupted system call)"
2015-10-11 23:23:06,[Warning],"WSREP: Failed to report last committed 98750, -4 (Interrupted system call)"
2015-10-11 23:23:56,[Warning],"WSREP: Failed to report last committed 98887, -4 (Interrupted system call)"
2015-10-11 23:24:44,[Warning],"WSREP: Failed to report last committed 99006, -4 (Interrupted system call)"
2015-10-11 23:25:32,[Warning],"WSREP: Failed to report last committed 99130, -4 (Interrupted system call)"
2015-10-11 23:26:14,[Warning],"WSREP: Failed to report last committed 99244, -4 (Interrupted system call)"
2015-10-11 23:27:38,[Warning],"WSREP: Failed to report last committed 99499, -4 (Interrupted system call)"
2015-10-11 23:28:24,[Warning],"WSREP: Failed to report last committed 99626, -4 (Interrupted system call)"
2015-10-11 23:29:18,[Warning],"WSREP: Failed to report last committed 99753, -4 (Interrupted system call)"
2015-10-11 23:29:56,[Warning],"WSREP: Failed to report last committed 99863, -4 (Interrupted system call)"
2015-10-11 23:31:01,[Warning],"WSREP: Failed to report last committed 100104, -4 (Interrupted system call)"
2015-10-11 23:31:39,[Warning],"WSREP: Failed to report last committed 100244, -4 (Interrupted system call)"
2015-10-11 23:32:17,[Warning],"WSREP: Failed to report last committed 100378, -4 (Interrupted system call)"
2015-10-11 23:58:16,[Warning],"WSREP: Failed to report last committed 104567, -4 (Interrupted system call)"
2015-10-11 23:59:15,[Warning],"WSREP: Failed to report last committed 104738, -4 (Interrupted system call)"
2015-10-12 00:00:08,[Warning],"WSREP: Failed to report last committed 104865, -4 (Interrupted system call)"
2015-10-12 00:00:59,[Warning],"WSREP: Failed to report last committed 104996, -4 (Interrupted system call)"
2015-10-12 00:01:39,[Warning],"WSREP: Failed to report last committed 105121, -4 (Interrupted system call)"
2015-10-12 00:02:30,[Warning],"WSREP: Failed to report last committed 105250, -4 (Interrupted system call)"
2015-10-12 00:03:13,[Warning],"WSREP: Failed to report last committed 105378, -4 (Interrupted system call)"
2015-10-12 00:04:01,[Warning],"WSREP: Failed to report last committed 105507, -4 (Interrupted system call)"
2015-10-12 00:05:44,[Warning],"WSREP: Failed to report last committed 105761, -4 (Interrupted system call)"
2015-10-12 00:07:14,[Warning],"WSREP: Failed to report last committed 106019, -4 (Interrupted system call)"
2015-10-12 00:08:50,[Warning],"WSREP: Failed to report last committed 106273, -4 (Interrupted system call)"
2015-10-12 00:09:31,[Warning],"WSREP: Failed to report last committed 106402, -4 (Interrupted system call)"
2015-10-12 00:10:17,[Warning],"WSREP: Failed to report last committed 106529, -4 (Interrupted system call)"
2015-10-12 00:12:19,[Warning],"WSREP: Failed to report last committed 106914, -4 (Interrupted system call)"
2015-10-12 00:13:06,[Warning],"WSREP: Failed to report last committed 107044, -4 (Interrupted system call)"
2015-10-12 00:13:48,[Warning],"WSREP: Failed to report last committed 107169, -4 (Interrupted system call)"
2015-10-12 00:15:16,[Warning],"WSREP: Failed to report last committed 107424, -4 (Interrupted system call)"
2015-10-12 00:16:02,[Warning],"WSREP: Failed to report last committed 107554, -4 (Interrupted system call)"
2015-10-12 00:16:47,[Warning],"WSREP: Failed to report last committed 107680, -4 (Interrupted system call)"
2015-10-12 00:18:23,[Warning],"WSREP: Failed to report last committed 107936, -4 (Interrupted system call)"
2015-10-12 00:19:52,[Warning],"WSREP: Failed to report last committed 108193, -4 (Interrupted system call)"
2015-10-12 00:21:21,[Warning],"WSREP: Failed to report last committed 108450, -4 (Interrupted system call)"
2015-10-12 00:22:13,[Warning],"WSREP: Failed to report last committed 108578, -4 (Interrupted system call)"
2015-10-12 00:22:57,[Warning],"WSREP: Failed to report last committed 108708, -4 (Interrupted system call)"
2015-10-12 00:25:07,[Warning],"WSREP: Failed to report last committed 109095, -4 (Interrupted system call)"
2015-10-12 00:25:45,[Warning],"WSREP: Failed to report last committed 109218, -4 (Interrupted system call)"
2015-10-12 00:27:04,[Warning],"WSREP: Failed to report last committed 109475, -4 (Interrupted system call)"
2015-10-12 00:27:43,[Warning],"WSREP: Failed to report last committed 109601, -4 (Interrupted system call)"
2015-10-12 00:28:25,[Warning],"WSREP: Failed to report last committed 109733, -4 (Interrupted system call)"
2015-10-12 00:29:04,[Warning],"WSREP: Failed to report last committed 109858, -4 (Interrupted system call)"
2015-10-12 00:29:38,[Warning],"WSREP: Failed to report last committed 109964, -4 (Interrupted system call)"
2015-10-12 00:33:18,[Warning],"WSREP: Failed to report last committed 110678, -4 (Interrupted system call)"
2015-10-12 00:34:07,[Warning],"WSREP: Failed to report last committed 110830, -4 (Interrupted system call)"
2015-10-12 00:36:59,[Warning],"WSREP: Failed to report last committed 111330, -4 (Interrupted system call)"
2015-10-12 00:37:41,[Warning],"WSREP: Failed to report last committed 111454, -4 (Interrupted system call)"
2015-10-12 00:38:17,[Warning],"WSREP: Failed to report last committed 111575, -4 (Interrupted system call)"
2015-10-12 00:45:11,[Warning],"WSREP: Failed to report last committed 112772, -4 (Interrupted system call)"
2015-10-12 00:51:39,[Warning],"WSREP: Failed to report last committed 113944, -4 (Interrupted system call)"
2015-10-12 00:54:31,[Warning],"WSREP: Failed to report last committed 114415, -4 (Interrupted system call)"
2015-10-12 00:55:56,[Warning],"WSREP: Failed to report last committed 114668, -4 (Interrupted system call)"
2015-10-12 00:58:31,[Warning],"WSREP: Failed to report last committed 115089, -4 (Interrupted system call)"
2015-10-12 01:01:19,[Warning],"WSREP: Failed to report last committed 115578, -4 (Interrupted system call)"
2015-10-12 01:02:08,[Warning],"WSREP: Failed to report last committed 115706, -4 (Interrupted system call)"
2015-10-12 01:02:47,[Warning],"WSREP: Failed to report last committed 115834, -4 (Interrupted system call)"
2015-10-12 01:03:37,[Warning],"WSREP: Failed to report last committed 115962, -4 (Interrupted system call)"
2015-10-12 01:04:18,[Warning],"WSREP: Failed to report last committed 116090, -4 (Interrupted system call)"
2015-10-12 01:13:04,[Warning],"WSREP: Failed to report last committed 117584, -4 (Interrupted system call)"
2015-10-12 01:13:53,[Warning],"WSREP: Failed to report last committed 117686, -4 (Interrupted system call)"
2015-10-12 01:14:34,[Warning],"WSREP: Failed to report last committed 117802, -4 (Interrupted system call)"
2015-10-12 01:15:22,[Warning],"WSREP: Failed to report last committed 117929, -4 (Interrupted system call)"
2015-10-12 01:16:04,[Warning],"WSREP: Failed to report last committed 118061, -4 (Interrupted system call)"
2015-10-12 01:16:55,[Warning],"WSREP: Failed to report last committed 118187, -4 (Interrupted system call)"
2015-10-12 01:18:08,[Warning],"WSREP: Failed to report last committed 118442, -4 (Interrupted system call)"
2015-10-12 01:19:54,[Warning],"WSREP: Failed to report last committed 118825, -4 (Interrupted system call)"
2015-10-12 01:20:45,[Warning],"WSREP: Failed to report last committed 118955, -4 (Interrupted system call)"
2015-10-12 01:21:23,[Warning],"WSREP: Failed to report last committed 119082, -4 (Interrupted system call)"
2015-10-12 01:23:37,[Warning],"WSREP: Failed to report last committed 119490, -4 (Interrupted system call)"
2015-10-12 01:24:23,[Warning],"WSREP: Failed to report last committed 119614, -4 (Interrupted system call)"
2015-10-12 01:28:12,[Warning],"WSREP: Failed to report last committed 120262, -4 (Interrupted system call)"
2015-10-12 01:29:10,[Warning],"WSREP: Failed to report last committed 120393, -4 (Interrupted system call)"
2015-10-12 01:30:31,[Warning],"WSREP: Failed to report last committed 120643, -4 (Interrupted system call)"
2015-10-12 01:34:42,[Warning],"WSREP: Failed to report last committed 121396, -4 (Interrupted system call)"
2015-10-12 01:35:32,[Warning],"WSREP: Failed to report last committed 121569, -4 (Interrupted system call)"
2015-10-12 01:44:42,[Warning],"WSREP: Failed to report last committed 122783, -4 (Interrupted system call)"
2015-10-12 01:45:23,[Warning],"WSREP: Failed to report last committed 122899, -4 (Interrupted system call)"
2015-10-12 01:46:01,[Warning],"WSREP: Failed to report last committed 123005, -4 (Interrupted system call)"
2015-10-12 01:46:42,[Warning],"WSREP: Failed to report last committed 123134, -4 (Interrupted system call)"
2015-10-12 01:47:24,[Warning],"WSREP: Failed to report last committed 123261, -4 (Interrupted system call)"
2015-10-12 01:48:02,[Warning],"WSREP: Failed to report last committed 123390, -4 (Interrupted system call)"
2015-10-12 01:50:42,[Warning],"WSREP: Failed to report last committed 123971, -4 (Interrupted system call)"
2015-10-12 01:51:22,[Warning],"WSREP: Failed to report last committed 124098, -4 (Interrupted system call)"
2015-10-12 01:52:34,[Warning],"WSREP: Failed to report last committed 124354, -4 (Interrupted system call)"
2015-10-12 01:53:12,[Warning],"WSREP: Failed to report last committed 124483, -4 (Interrupted system call)"
2015-10-12 01:54:21,[Warning],"WSREP: Failed to report last committed 124739, -4 (Interrupted system call)"
2015-10-12 01:59:05,[Warning],"WSREP: Failed to report last committed 125705, -4 (Interrupted system call)"
2015-10-12 01:59:35,[Warning],"WSREP: Failed to report last committed 125801, -4 (Interrupted system call)"
2015-10-12 02:04:36,[Warning],"WSREP: Failed to report last committed 126774, -4 (Interrupted system call)"
2015-10-12 02:05:26,[Warning],"WSREP: Failed to report last committed 126906, -4 (Interrupted system call)"
2015-10-12 02:06:17,[Warning],"WSREP: Failed to report last committed 127031, -4 (Interrupted system call)"
2015-10-12 02:06:57,[Warning],"WSREP: Failed to report last committed 127160, -4 (Interrupted system call)"
2015-10-12 02:07:50,[Warning],"WSREP: Failed to report last committed 127289, -4 (Interrupted system call)"
2015-10-12 02:08:38,[Warning],"WSREP: Failed to report last committed 127415, -4 (Interrupted system call)"
2015-10-12 02:09:55,[Warning],"WSREP: Failed to report last committed 127673, -4 (Interrupted system call)"
2015-10-12 02:11:10,[Warning],"WSREP: Failed to report last committed 127926, -4 (Interrupted system call)"
2015-10-12 02:12:30,[Warning],"WSREP: Failed to report last committed 128184, -4 (Interrupted system call)"
2015-10-12 02:13:11,[Warning],"WSREP: Failed to report last committed 128313, -4 (Interrupted system call)"
2015-10-12 02:15:00,[Warning],"WSREP: Failed to report last committed 128695, -4 (Interrupted system call)"
2015-10-12 02:15:32,[Warning],"WSREP: Failed to report last committed 128803, -4 (Interrupted system call)"
2015-10-12 02:16:48,[Warning],"WSREP: Failed to report last committed 129087, -4 (Interrupted system call)"
2015-10-12 02:17:24,[Warning],"WSREP: Failed to report last committed 129218, -4 (Interrupted system call)"
2015-10-12 02:18:06,[Warning],"WSREP: Failed to report last committed 129344, -4 (Interrupted system call)"
2015-10-12 02:18:48,[Warning],"WSREP: Failed to report last committed 129472, -4 (Interrupted system call)"
2015-10-12 02:19:56,[Warning],"WSREP: Failed to report last committed 129729, -4 (Interrupted system call)"
2015-10-12 02:20:35,[Warning],"WSREP: Failed to report last committed 129855, -4 (Interrupted system call)"
2015-10-12 02:22:36,[Warning],"WSREP: Failed to report last committed 130242, -4 (Interrupted system call)"
2015-10-12 02:23:20,[Warning],"WSREP: Failed to report last committed 130370, -4 (Interrupted system call)"
2015-10-12 02:24:04,[Warning],"WSREP: Failed to report last committed 130495, -4 (Interrupted system call)"
2015-10-12 02:24:50,[Warning],"WSREP: Failed to report last committed 130625, -4 (Interrupted system call)"
2015-10-12 02:25:36,[Warning],"WSREP: Failed to report last committed 130752, -4 (Interrupted system call)"
2015-10-12 02:26:22,[Warning],"WSREP: Failed to report last committed 130882, -4 (Interrupted system call)"
2015-10-12 02:27:02,[Warning],"WSREP: Failed to report last committed 131009, -4 (Interrupted system call)"
2015-10-12 02:27:44,[Warning],"WSREP: Failed to report last committed 131146, -4 (Interrupted system call)"
2015-10-12 02:29:02,[Warning],"WSREP: Failed to report last committed 131422, -4 (Interrupted system call)"
2015-10-12 02:29:44,[Warning],"WSREP: Failed to report last committed 131550, -4 (Interrupted system call)"
2015-10-12 02:30:25,[Warning],"WSREP: Failed to report last committed 131679, -4 (Interrupted system call)"
2015-10-12 02:31:38,[Warning],"WSREP: Failed to report last committed 131946, -4 (Interrupted system call)"
2015-10-12 02:32:14,[Warning],"WSREP: Failed to report last committed 132079, -4 (Interrupted system call)"
2015-10-12 02:33:25,[Warning],"WSREP: Failed to report last committed 132361, -4 (Interrupted system call)"
2015-10-12 02:34:05,[Warning],"WSREP: Failed to report last committed 132498, -4 (Interrupted system call)"
2015-10-12 02:34:44,[Warning],"WSREP: Failed to report last committed 132633, -4 (Interrupted system call)"
2015-10-12 02:36:17,[Warning],"WSREP: Failed to report last committed 132984, -4 (Interrupted system call)"
2015-10-12 02:36:57,[Warning],"WSREP: Failed to report last committed 133107, -4 (Interrupted system call)"
2015-10-12 02:37:36,[Warning],"WSREP: Failed to report last committed 133228, -4 (Interrupted system call)"
2015-10-12 02:38:12,[Warning],"WSREP: Failed to report last committed 133348, -4 (Interrupted system call)"
2015-10-12 02:39:29,[Warning],"WSREP: Failed to report last committed 133592, -4 (Interrupted system call)"
2015-10-12 02:41:08,[Warning],"WSREP: Failed to report last committed 133899, -4 (Interrupted system call)"
2015-10-12 02:41:55,[Warning],"WSREP: Failed to report last committed 134042, -4 (Interrupted system call)"
2015-10-12 02:42:33,[Warning],"WSREP: Failed to report last committed 134152, -4 (Interrupted system call)"
2015-10-12 02:43:35,[Warning],"WSREP: Failed to report last committed 134340, -4 (Interrupted system call)"
2015-10-12 02:44:11,[Warning],"WSREP: Failed to report last committed 134467, -4 (Interrupted system call)"
2015-10-12 02:45:24,[Warning],"WSREP: Failed to report last committed 134722, -4 (Interrupted system call)"
2015-10-12 02:46:29,[Warning],"WSREP: Failed to report last committed 134955, -4 (Interrupted system call)"
2015-10-12 02:56:35,[Warning],"WSREP: Failed to report last committed 136839, -4 (Interrupted system call)"
2015-10-12 02:57:19,[Warning],"WSREP: Failed to report last committed 136964, -4 (Interrupted system call)"
2015-10-12 02:58:49,[Warning],"WSREP: Failed to report last committed 137223, -4 (Interrupted system call)"
2015-10-12 02:59:33,[Warning],"WSREP: Failed to report last committed 137353, -4 (Interrupted system call)"
2015-10-12 03:00:11,[Warning],"WSREP: Failed to report last committed 137480, -4 (Interrupted system call)"
2015-10-12 03:00:49,[Warning],"WSREP: Failed to report last committed 137606, -4 (Interrupted system call)"
2015-10-12 03:01:29,[Warning],"WSREP: Failed to report last committed 137736, -4 (Interrupted system call)"
2015-10-12 03:03:55,[Warning],"WSREP: Failed to report last committed 138191, -4 (Interrupted system call)"
2015-10-12 03:06:38,[Warning],"WSREP: Failed to report last committed 138727, -4 (Interrupted system call)"
2015-10-12 03:11:57,[Warning],"WSREP: Failed to report last committed 139551, -4 (Interrupted system call)"
2015-10-12 03:12:44,[Warning],"WSREP: Failed to report last committed 139655, -4 (Interrupted system call)"
2015-10-12 03:14:16,[Warning],"WSREP: Failed to report last committed 139854, -4 (Interrupted system call)"
2015-10-12 03:15:40,[Warning],"WSREP: Failed to report last committed 140104, -4 (Interrupted system call)"
2015-10-12 03:16:21,[Warning],"WSREP: Failed to report last committed 140232, -4 (Interrupted system call)"
2015-10-12 03:17:01,[Warning],"WSREP: Failed to report last committed 140362, -4 (Interrupted system call)"
2015-10-12 03:17:45,[Warning],"WSREP: Failed to report last committed 140491, -4 (Interrupted system call)"
2015-10-12 03:18:20,[Warning],"WSREP: Failed to report last committed 140615, -4 (Interrupted system call)"
2015-10-12 03:19:08,[Warning],"WSREP: Failed to report last committed 140744, -4 (Interrupted system call)"
2015-10-12 03:19:53,[Warning],"WSREP: Failed to report last committed 140871, -4 (Interrupted system call)"
2015-10-12 03:21:23,[Warning],"WSREP: Failed to report last committed 141128, -4 (Interrupted system call)"
2015-10-12 03:22:06,[Warning],"WSREP: Failed to report last committed 141260, -4 (Interrupted system call)"
2015-10-12 03:22:42,[Warning],"WSREP: Failed to report last committed 141394, -4 (Interrupted system call)"
2015-10-12 03:23:56,[Warning],"WSREP: Failed to report last committed 141652, -4 (Interrupted system call)"
2015-10-12 03:25:21,[Warning],"WSREP: Failed to report last committed 141898, -4 (Interrupted system call)"
2015-10-12 03:26:06,[Warning],"WSREP: Failed to report last committed 142025, -4 (Interrupted system call)"
2015-10-12 03:26:50,[Warning],"WSREP: Failed to report last committed 142153, -4 (Interrupted system call)"
2015-10-12 03:28:08,[Warning],"WSREP: Failed to report last committed 142409, -4 (Interrupted system call)"
2015-10-12 03:28:53,[Warning],"WSREP: Failed to report last committed 142543, -4 (Interrupted system call)"
2015-10-12 03:29:36,[Warning],"WSREP: Failed to report last committed 142675, -4 (Interrupted system call)"
2015-10-12 03:30:50,[Warning],"WSREP: Failed to report last committed 142954, -4 (Interrupted system call)"
2015-10-12 03:32:04,[Warning],"WSREP: Failed to report last committed 143240, -4 (Interrupted system call)"
2015-10-12 03:43:26,[Warning],"WSREP: Failed to report last committed 144797, -4 (Interrupted system call)"
2015-10-12 03:44:47,[Warning],"WSREP: Failed to report last committed 145021, -4 (Interrupted system call)"
2015-10-12 03:45:26,[Warning],"WSREP: Failed to report last committed 145135, -4 (Interrupted system call)"
2015-10-12 03:45:40,[Warning],"WSREP: Failed to report last committed 145171, -4 (Interrupted system call)"
2015-10-12 03:46:20,[Warning],"WSREP: Failed to report last committed 145280, -4 (Interrupted system call)"
2015-10-12 03:46:59,[Warning],"WSREP: Failed to report last committed 145396, -4 (Interrupted system call)"
2015-10-12 03:47:42,[Warning],"WSREP: Failed to report last committed 145525, -4 (Interrupted system call)"
2015-10-12 03:48:26,[Warning],"WSREP: Failed to report last committed 145652, -4 (Interrupted system call)"
2015-10-12 03:51:13,[Warning],"WSREP: Failed to report last committed 146194, -4 (Interrupted system call)"
2015-10-12 03:51:49,[Warning],"WSREP: Failed to report last committed 146324, -4 (Interrupted system call)"
2015-10-12 03:53:02,[Warning],"WSREP: Failed to report last committed 146579, -4 (Interrupted system call)"
2015-10-12 03:53:40,[Warning],"WSREP: Failed to report last committed 146707, -4 (Interrupted system call)"
2015-10-12 03:55:29,[Warning],"WSREP: Failed to report last committed 147090, -4 (Interrupted system call)"
2015-10-12 03:56:12,[Warning],"WSREP: Failed to report last committed 147224, -4 (Interrupted system call)"
2015-10-12 03:57:22,[Warning],"WSREP: Failed to report last committed 147474, -4 (Interrupted system call)"
2015-10-12 03:58:06,[Warning],"WSREP: Failed to report last committed 147603, -4 (Interrupted system call)"
2015-10-12 03:58:49,[Warning],"WSREP: Failed to report last committed 147731, -4 (Interrupted system call)"
2015-10-12 04:00:11,[Warning],"WSREP: Failed to report last committed 147986, -4 (Interrupted system call)"
2015-10-12 04:00:51,[Warning],"WSREP: Failed to report last committed 148115, -4 (Interrupted system call)"
2015-10-12 04:01:33,[Warning],"WSREP: Failed to report last committed 148243, -4 (Interrupted system call)"
2015-10-12 04:02:20,[Warning],"WSREP: Failed to report last committed 148373, -4 (Interrupted system call)"
2015-10-12 04:04:12,[Warning],"WSREP: Failed to report last committed 148755, -4 (Interrupted system call)"
2015-10-12 04:05:53,[Warning],"WSREP: Failed to report last committed 149115, -4 (Interrupted system call)"
2015-10-12 04:07:08,[Warning],"WSREP: Failed to report last committed 149356, -4 (Interrupted system call)"
2015-10-12 04:07:52,[Warning],"WSREP: Failed to report last committed 149483, -4 (Interrupted system call)"
2015-10-12 04:08:33,[Warning],"WSREP: Failed to report last committed 149609, -4 (Interrupted system call)"
2015-10-12 04:09:56,[Warning],"WSREP: Failed to report last committed 149867, -4 (Interrupted system call)"
2015-10-12 04:11:00,[Warning],"WSREP: Failed to report last committed 150124, -4 (Interrupted system call)"
2015-10-12 04:14:27,[Warning],"WSREP: Failed to report last committed 150796, -4 (Interrupted system call)"
2015-10-12 04:15:43,[Warning],"WSREP: Failed to report last committed 151026, -4 (Interrupted system call)"
2015-10-12 04:16:04,[Warning],"WSREP: Failed to report last committed 151091, -4 (Interrupted system call)"
2015-10-12 04:16:43,[Warning],"WSREP: Failed to report last committed 151218, -4 (Interrupted system call)"
2015-10-12 04:18:23,[Warning],"WSREP: Failed to report last committed 151569, -4 (Interrupted system call)"
2015-10-12 04:19:28,[Warning],"WSREP: Failed to report last committed 151779, -4 (Interrupted system call)"
2015-10-12 04:21:51,[Warning],"WSREP: Failed to report last committed 152268, -4 (Interrupted system call)"
2015-10-12 04:42:05,[Warning],"WSREP: Failed to report last committed 156112, -4 (Interrupted system call)"
2015-10-12 04:42:53,[Warning],"WSREP: Failed to report last committed 156243, -4 (Interrupted system call)"
2015-10-12 04:43:33,[Warning],"WSREP: Failed to report last committed 156371, -4 (Interrupted system call)"
2015-10-12 04:44:16,[Warning],"WSREP: Failed to report last committed 156497, -4 (Interrupted system call)"
2015-10-12 04:45:01,[Warning],"WSREP: Failed to report last committed 156624, -4 (Interrupted system call)"
2015-10-12 04:46:22,[Warning],"WSREP: Failed to report last committed 156882, -4 (Interrupted system call)"
2015-10-12 04:47:41,[Warning],"WSREP: Failed to report last committed 157140, -4 (Interrupted system call)"
2015-10-12 04:48:59,[Warning],"WSREP: Failed to report last committed 157387, -4 (Interrupted system call)"
2015-10-12 04:51:57,[Warning],"WSREP: Failed to report last committed 157935, -4 (Interrupted system call)"
2015-10-12 04:53:58,[Warning],"WSREP: Failed to report last committed 158319, -4 (Interrupted system call)"
2015-10-12 04:55:10,[Warning],"WSREP: Failed to report last committed 158556, -4 (Interrupted system call)"
2015-10-12 04:55:50,[Warning],"WSREP: Failed to report last committed 158684, -4 (Interrupted system call)"
2015-10-12 04:57:10,[Warning],"WSREP: Failed to report last committed 158942, -4 (Interrupted system call)"
2015-10-12 04:57:53,[Warning],"WSREP: Failed to report last committed 159071, -4 (Interrupted system call)"
2015-10-12 04:58:39,[Warning],"WSREP: Failed to report last committed 159201, -4 (Interrupted system call)"
2015-10-12 05:00:31,[Warning],"WSREP: Failed to report last committed 159588, -4 (Interrupted system call)"
2015-10-12 05:01:06,[Warning],"WSREP: Failed to report last committed 159708, -4 (Interrupted system call)"
2015-10-12 05:01:42,[Warning],"WSREP: Failed to report last committed 159836, -4 (Interrupted system call)"
2015-10-12 05:02:23,[Warning],"WSREP: Failed to report last committed 159965, -4 (Interrupted system call)"
2015-10-12 05:03:07,[Warning],"WSREP: Failed to report last committed 160093, -4 (Interrupted system call)"
2015-10-12 05:04:41,[Warning],"WSREP: Failed to report last committed 160392, -4 (Interrupted system call)"
2015-10-12 05:05:56,[Warning],"WSREP: Failed to report last committed 160645, -4 (Interrupted system call)"
2015-10-12 05:12:42,[Warning],"WSREP: Failed to report last committed 161754, -4 (Interrupted system call)"
2015-10-12 05:13:22,[Warning],"WSREP: Failed to report last committed 161858, -4 (Interrupted system call)"
2015-10-12 05:14:01,[Warning],"WSREP: Failed to report last committed 161962, -4 (Interrupted system call)"
2015-10-12 05:14:44,[Warning],"WSREP: Failed to report last committed 162079, -4 (Interrupted system call)"
2015-10-12 05:15:34,[Warning],"WSREP: Failed to report last committed 162208, -4 (Interrupted system call)"
2015-10-12 05:16:43,[Warning],"WSREP: Failed to report last committed 162463, -4 (Interrupted system call)"
2015-10-12 05:18:14,[Warning],"WSREP: Failed to report last committed 162795, -4 (Interrupted system call)"
2015-10-12 05:19:55,[Warning],"WSREP: Failed to report last committed 163153, -4 (Interrupted system call)"
2015-10-12 05:24:13,[Warning],"WSREP: Failed to report last committed 163953, -4 (Interrupted system call)"
2015-10-12 05:25:36,[Warning],"WSREP: Failed to report last committed 164210, -4 (Interrupted system call)"
2015-10-12 05:27:32,[Warning],"WSREP: Failed to report last committed 164600, -4 (Interrupted system call)"
2015-10-12 05:28:17,[Warning],"WSREP: Failed to report last committed 164733, -4 (Interrupted system call)"
2015-10-12 05:28:59,[Warning],"WSREP: Failed to report last committed 164867, -4 (Interrupted system call)"
2015-10-12 05:29:41,[Warning],"WSREP: Failed to report last committed 165008, -4 (Interrupted system call)"
2015-10-12 05:31:00,[Warning],"WSREP: Failed to report last committed 165282, -4 (Interrupted system call)"
2015-10-12 05:32:58,[Warning],"WSREP: Failed to report last committed 165694, -4 (Interrupted system call)"
2015-10-12 05:33:44,[Warning],"WSREP: Failed to report last committed 165832, -4 (Interrupted system call)"
2015-10-12 05:35:07,[Warning],"WSREP: Failed to report last committed 166108, -4 (Interrupted system call)"
2015-10-12 05:35:48,[Warning],"WSREP: Failed to report last committed 166236, -4 (Interrupted system call)"
2015-10-12 05:42:50,[Warning],"WSREP: Failed to report last committed 166922, -4 (Interrupted system call)"
2015-10-12 05:43:27,[Warning],"WSREP: Failed to report last committed 167031, -4 (Interrupted system call)"
2015-10-12 05:44:10,[Warning],"WSREP: Failed to report last committed 167141, -4 (Interrupted system call)"
2015-10-12 05:44:50,[Warning],"WSREP: Failed to report last committed 167252, -4 (Interrupted system call)"
2015-10-12 05:45:31,[Warning],"WSREP: Failed to report last committed 167364, -4 (Interrupted system call)"
2015-10-12 05:46:12,[Warning],"WSREP: Failed to report last committed 167470, -4 (Interrupted system call)"
2015-10-12 05:48:10,[Warning],"WSREP: Failed to report last committed 167853, -4 (Interrupted system call)"
2015-10-12 05:48:51,[Warning],"WSREP: Failed to report last committed 167982, -4 (Interrupted system call)"
2015-10-12 05:49:37,[Warning],"WSREP: Failed to report last committed 168111, -4 (Interrupted system call)"
2015-10-12 05:51:04,[Warning],"WSREP: Failed to report last committed 168369, -4 (Interrupted system call)"
2015-10-12 05:52:35,[Warning],"WSREP: Failed to report last committed 168623, -4 (Interrupted system call)"
2015-10-12 05:53:19,[Warning],"WSREP: Failed to report last committed 168752, -4 (Interrupted system call)"
2015-10-12 05:53:58,[Warning],"WSREP: Failed to report last committed 168879, -4 (Interrupted system call)"
2015-10-12 05:55:56,[Warning],"WSREP: Failed to report last committed 169273, -4 (Interrupted system call)"
2015-10-12 05:56:38,[Warning],"WSREP: Failed to report last committed 169403, -4 (Interrupted system call)"
2015-10-12 05:57:47,[Warning],"WSREP: Failed to report last committed 169678, -4 (Interrupted system call)"
